{"cameraMode":{"drawMode":0,"name":"Shaded","section":"Shading Mode"},"sceneLighting":false,"audioPlay":false,"sceneViewState":{"m_AlwaysRefresh":true,"showFog":true,"showSkybox":false,"showFlares":true,"showImageEffects":true,"showParticleSystems":true,"showVisualEffectGraphs":true,"m_FxEnabled":false},"in2DMode":false,"pivot":{"x":2.1700000762939455,"y":0.3310000002384186,"z":2.0299999713897707},"rotation":{"x":0.11985097080469132,"y":0.6197673082351685,"z":-0.09652287513017655,"w":0.7695531845092773},"size":0.1436140388250351,"orthographic":false}