{"cameraMode":{"drawMode":0,"name":"Shaded","section":"Shading Mode"},"sceneLighting":true,"audioPlay":false,"sceneViewState":{"m_AlwaysRefresh":true,"showFog":true,"showSkybox":true,"showFlares":true,"showImageEffects":true,"showParticleSystems":true,"showVisualEffectGraphs":true,"m_FxEnabled":false},"in2DMode":false,"pivot":{"x":2.1480484008789064,"y":0.21091687679290772,"z":2.344820261001587},"rotation":{"x":0.14528493583202363,"y":0.12578898668289185,"z":-0.01860777661204338,"w":0.9811952710151672},"size":1.7008575201034547,"orthographic":false}