{"cameraMode":{"drawMode":0,"name":"Shaded","section":"Shading Mode"},"sceneLighting":true,"audioPlay":false,"sceneViewState":{"m_AlwaysRefresh":true,"showFog":true,"showSkybox":true,"showFlares":true,"showImageEffects":true,"showParticleSystems":true,"showVisualEffectGraphs":true,"m_FxEnabled":false},"in2DMode":false,"pivot":{"x":1.120679497718811,"y":1.8304001092910767,"z":-2.0222980976104738},"rotation":{"x":0.19200585782527924,"y":0.05444101244211197,"z":-0.010652774013578892,"w":0.979846179485321},"size":1.9831453561782838,"orthographic":false}