{"cameraMode":{"drawMode":0,"name":"Shaded","section":"Shading Mode"},"sceneLighting":true,"audioPlay":false,"sceneViewState":{"m_AlwaysRefresh":true,"showFog":true,"showSkybox":true,"showFlares":true,"showImageEffects":true,"showParticleSystems":true,"showVisualEffectGraphs":true,"m_FxEnabled":false},"in2DMode":false,"pivot":{"x":-0.9213634133338928,"y":1.303624153137207,"z":-1.745935320854187},"rotation":{"x":0.5192742347717285,"y":-0.0012815624941140414,"z":0.0007790669915266335,"w":0.8546111583709717},"size":1.8673204183578492,"orthographic":false}